{
  "project_info": {
    "project_number": "360692977639",
    "firebase_url": "https://zustrichalnya-93f86-default-rtdb.europe-west1.firebasedatabase.app",
    "project_id": "zustrichalnya-93f86",
    "storage_bucket": "zustrichalnya-93f86.appspot.com"
  },
  "client": [
    {
      "client_info": {
        "mobilesdk_app_id": "1:360692977639:android:691234c32cf76d7be6b742",
        "android_client_info": {
          "package_name": "task.mohyla.zustrichalnya"
        }
      },
      "oauth_client": [],
      "api_key": [
        {
          "current_key": "AIzaSyCSt9eHcfoGd4lKL7xFcZYHZfO9mFFYUEg"
        }
      ],
      "services": {
        "appinvite_service": {
          "other_platform_oauth_client": []
        }
      }
    },
    {
      "client_info": {
        "mobilesdk_app_id": "1:360692977639:android:73766f8787f58ffae6b742",
        "android_client_info": {
          "package_name": "task.mohyla.zustrichalnya"
        }
      },
      "oauth_client": [],
      "api_key": [
        {
          "current_key": "AIzaSyCSt9eHcfoGd4lKL7xFcZYHZfO9mFFYUEg"
        }
      ],
      "services": {
        "appinvite_service": {
          "other_platform_oauth_client": []
        }
      }
    }
  ],
  "configuration_version": "1"
}